{"center" : {"x" : -84.387982,
    "y" : 33.748995
},
"width" : 1.9098593171027431,
"height" : 1.5879804590641697,
"tileFile":  "images/households.png",
"res" : 500,
"tiles" : 12,
"tileNames" : [
  "1940",
  "1950",
  "1960",
  "1970",
  "1980",
  "1990",
  "2000",
  "2010",
  "2020",
  "2030",
  "2040"
]
}